user id	isbn	price	contact
Mitchel Weiss	9780393617436	34	2525516933
Kaan Hendrix	603390120701	50	4484017163
Jody Murillo	2900840048287	16	4531915090
Shannan Ramsay	9781936221868	22	3800524043
Sasha Firth	9781936221349	2	9401245273
Lorelai Randolph	9781119110651	39	1386575993
Rhian Cleveland	9780393617436	45	2664129667
Marius Gross	9780273742753	1	4734781286
Shakira Perry	9780199342679	28	5354972880
Wilson Regan	9780465093366	40	8727363340
Elara Salas	9780393354973	4	2053536727
Simran Bassett	9781429229364	3	1640760040
Nieve Millar	9780199342679	25	5848205420
Ciara Thomson	9780465093366	45	9046229631
Ruairidh Esparza	9780299306342	28	4207907758
Amna Bennett	9780672337840	2	7470876879
Alfie-James Lowe	9781118771334	15	7918612369
Nathanael Craig	9780393979503	45	7305578601
Jaidan Zhang	9780393979503	25	2565504861
Jeanette Ritter	9780691145532	21	4724608461
Lula Macgregor	9780521607643	44	6523401343
Zofia Roth	9780679734772	1	4316336373
Yunus Clegg	9780393264876	41	6055649204
Amy-Leigh Mustafa	9780374537388	9	9715188889
Nawal Allman	9780299306342	38	3915711112
Blaine Long	9780870817779	17	1772136518
Mamie Storey	9780521124331	36	9795821798
Lindsay Derrick	9780824827854	50	4704289200
Mara Romero	9780140442939	18	4073555545
Yasser Snyder	9780140443264	10	2223750711
Merlin Stanton	9780140443707	11	9569833944
Ayden Britt	9780140443714	13	3861708219
Aston Hardy	9780299306342	23	4450851822
Aneesa Shields	9780765606938	26	5575797465
Shabaz Miranda	9780231109376	36	5981594539
Rhiannan Tomlinson	9780393617436	6	8257107269
Paddy Dawson	9780299306342	34	8570060655
Amelia-Lily Hartman	9780742516977	33	5937759856
Bianca Erickson	9780544106000	30	9429007236
Edgar Curry	9781606996447	16	3340818337
Sameer Heaton	9780544750357	28	4225972063
Arya Cano	9781328464606	16	3911345037
Vernon Alvarado	9780988901452	33	5292527928
Sannah Leech	9780271079271	8	1620760774
Hayleigh Deacon	9781770463165	34	7320167863
Samantha Mcintosh	9781894937863	20	6646212634
Hajra Rodriquez	9780966536355	26	2982914006
Ashlea Alford	9781603841962	49	9492492717
Jordon Almond	9780299306342	32	3595691269
Arandeep Cruz	9780872209954	49	8246108111
Garrett Broughton	9781603841948	40	6742697540
Mateo Chaney	9780804773263	14	6429431989
Maximillian White	9780674066854	2	9791455097
Imran O'Ryan	9780486233376	41	8357429614
Joely Riley	9780295989075	13	9345912161
Emilio Fulton	9781594600395	2	8990277142
Jean Gallegos	9780847690473	43	9985920910
Abbigail Boyd	9780684838281	5	3022260005
Shiv Whyte	9781612052717	22	4090605183
Jakob Barnard	9781595583383	44	6350658104
Anisha Cornish	9780807006405	28	2149578116
Luisa Mccormick	9781571313560	46	1127895349
Constance Rhodes	9780618249060	18	3728668426
Sapphire Childs	9781580911863	21	6316050789
Karter Stacey	9780195059281	5	5175756243
Lucia Dominguez	9780415968164	24	5034901522
Luis Timms	9780807047415	23	3227514673
Luca Chavez	9780691144146	27	1022983591
Lacie-Mae Rush	9781107057647	35	4909301465
Denny Heath	9781405135924	15	4215730500
Danica Gale	9780393617436	38	5508135813
Sammy William	9780321939968	36	5785569634
Laila Mcphee	9781577665205	32	8942647183
Shoaib Cresswell	9780679724698	8	5985924868
Phillip Talbot	9780393617436	42	6554069685
Eilidh Koch	9780801487460	34	2794394529
Marley Cunningham	9781438435626	45	4198811286
Murray Quintero	9780226848495	41	3659946877
Dilan Mejia	9789657493076	17	9535810799
Efe Nicholson	9781611689181	37	1624791299
Nataniel Gomez	9780520046337	22	9570851838
Sophia-Rose Appleton	9780300194951	11	9713657683
Amaan Norman	9780300194968	40	4845192011
Hakeem Bentley	9780806130576	38	7761533738
Suzannah Vu	9780865166806	43	4137309731
Halle Vinson	9780198146247	10	4785482237
Stephanie Christian	9780198146247	15	8184272948
Celyn Wagner	9781118231142	37	7596979959
Dulcie Amin	9780470888612	13	8723172242
Jim Fountain	9780393929720	35	6598289287
Abubakar Madden	9780321982384	49	8103261629
Tayler Finch	9781461429159	9	8609696392
Janelle Martin	9781441994783	31	6825889345
Fraya Dickson	9781133109037	2	6134017185
Fatema Martinez	9781493927111	35	9632005444
Cormac Preston	9783319185873	42	4680594028
Ellen Donaldson	9780201483277	20	5175969130
Sade Robinson	9780872205895	26	6643078260
Danniella Mcdonnell	9780872202207	5	2899578116
Morwenna Thorpe	9780872207363	32	8753608469